x_value,total_1,total_2
0,1000,1000
1,1005,996
2,1006,1002
3,1014,1000
4,1020,995
5,1026,998
6,1033,997
7,1028,997
8,1029,992
9,1036,998
10,1035,996
11,1042,994
12,1038,1000
13,1045,1003
14,1048,1000
15,1044,1002
16,1052,1008
17,1055,1011
18,1062,1015
19,1059,1019
20,1058,1015
21,1058,1015
22,1053,1013
23,1061,1013
24,1064,1008
25,1064,1013
26,1068,1018
27,1067,1021
28,1070,1019
29,1074,1019
30,1076,1024
31,1074,1021
32,1079,1020
33,1075,1020
34,1077,1020
35,1074,1015
36,1077,1011
37,1074,1009
38,1075,1009
39,1077,1004
40,1084,1004
41,1086,1008
42,1080,1011
43,1077,1011
44,1084,1015
45,1086,1018
46,1091,1019
47,1094,1017
48,1089,1013
49,1093,1008
50,1089,1009
51,1097,1014
52,1102,1010
53,1100,1007
54,1099,1011
55,1098,1015
56,1104,1017
57,1112,1020
58,1109,1026
59,1109,1026
60,1115,1030
61,1118,1032
62,1124,1034
63,1122,1034
64,1124,1034
65,1130,1036
66,1132,1037
67,1132,1039
68,1132,1036
69,1130,1037
70,1124,1033
71,1122,1037
72,1130,1041
73,1131,1036
74,1138,1038
75,1141,1040
76,1149,1043
77,1148,1048
78,1143,1043
79,1137,1047
80,1141,1052
81,1143,1053
82,1145,1054
83,1151,1055
84,1149,1050
85,1147,1053
86,1149,1049
87,1149,1047
88,1157,1044
89,1158,1044
90,1157,1040
91,1156,1037
92,1153,1042
93,1153,1037
94,1155,1032
95,1159,1037
96,1162,1041
97,1167,1047
98,1162,1045
99,1161,1048
100,1166,1053
101,1174,1054
102,1180,1060
103,1184,1057
104,1190,1061
105,1184,1063
106,1192,1066
107,1198,1072
108,1200,1071
109,1199,1069
110,1196,1068
111,1193,1064
112,1192,1066
113,1194,1068
114,1198,1063
115,1199,1065
116,1193,1062
117,1192,1060
118,1194,1064
119,1195,1066
120,1194,1067
121,1188,1073
122,1189,1076
123,1196,1075
124,1197,1074
125,1192,1079
126,1197,1085
127,1201,1090
128,1205,1092
129,1210,1094
130,1207,1093
131,1205,1091
132,1202,1092
133,1198,1091
134,1206,1092
135,1211,1098
136,1216,1096
137,1217,1098
138,1225,1104
139,1222,1108
140,1217,1112
141,1215,1109
142,1215,1107
143,1223,1113
144,1221,1113
145,1222,1109
146,1223,1106
147,1225,1103
148,1225,1100
149,1223,1097
150,1218,1097
151,1213,1101
152,1210,1102
153,1216,1104
154,1216,1101
155,1223,1098
156,1222,1104
157,1230,1102
158,1229,1102
159,1230,1104
160,1235,1107
161,1233,1103
162,1231,1105
163,1238,1105
164,1242,1105
165,1239,1105
166,1236,1110
167,1239,1106
168,1236,1105
169,1234,1111
170,1231,1113
171,1230,1111
172,1225,1107
173,1232,1106
174,1228,1109
175,1223,1108
176,1224,1110
177,1223,1110
178,1226,1112
179,1224,1107
180,1226,1105
181,1222,1108
182,1223,1111
183,1220,1112
184,1217,1114
185,1219,1117
186,1215,1115
187,1217,1114
188,1219,1120
189,1219,1117
190,1213,1122
191,1216,1118
192,1212,1121
193,1217,1117
194,1225,1123
195,1229,1118
196,1237,1115
197,1235,1113
198,1242,1113
199,1247,1115
200,1255,1118
201,1257,1116
202,1260,1121
203,1261,1127
204,1261,1125
205,1269,1120
206,1268,1119
207,1269,1120
208,1265,1118
209,1264,1116
210,1268,1120
211,1268,1117
212,1276,1112
213,1271,1114
214,1268,1114
215,1264,1118
216,1270,1123
217,1269,1121
218,1271,1127
219,1265,1128
220,1269,1125
221,1269,1126
222,1273,1128
223,1268,1133
224,1263,1129
225,1262,1131
226,1267,1133
227,1263,1139
228,1261,1135
229,1259,1139
230,1256,1145
231,1261,1148
232,1266,1154
233,1264,1149
234,1269,1152
235,1267,1157
236,1264,1154
237,1271,1159
238,1274,1157
239,1273,1159
240,1271,1163
241,1269,1158
242,1269,1158
243,1276,1162
244,1276,1166
245,1281,1163
246,1285,1160
247,1282,1156
248,1281,1162
249,1281,1166
250,1276,1162
251,1278,1161
252,1286,1164
253,1280,1167
254,1286,1162
255,1285,1166
256,1288,1168
257,1296,1173
258,1298,1171
259,1293,1173
260,1293,1177
261,1288,1172
262,1286,1167
263,1284,1169
264,1289,1169
265,1294,1175
266,1288,1180
267,1288,1186
268,1283,1182
269,1287,1177
270,1290,1183
271,1294,1180
272,1301,1185
273,1305,1189
274,1302,1192
275,1307,1194
276,1315,1190
277,1315,1194
278,1313,1189
279,1310,1192
280,1306,1195
281,1312,1196
282,1309,1192
283,1313,1192
284,1312,1196
285,1316,1193
286,1316,1198
287,1324,1193
288,1321,1192
289,1317,1195
290,1322,1201
291,1327,1196
292,1331,1196
293,1337,1192
294,1340,1187
295,1344,1186
296,1345,1188
297,1353,1184
298,1354,1182
299,1358,1188
300,1356,1191
301,1360,1186
302,1354,1182
303,1351,1179
304,1354,1177
305,1353,1174
306,1347,1173
307,1346,1169
308,1340,1175
309,1341,1173
310,1347,1170
311,1343,1171
312,1340,1168
313,1345,1164
314,1352,1159
315,1347,1154
316,1351,1154
317,1351,1152
318,1351,1150
319,1350,1153
320,1357,1154
321,1357,1156
322,1355,1162
323,1359,1165
324,1361,1169
325,1358,1172
326,1363,1171
327,1363,1170
328,1368,1172
329,1373,1171
330,1369,1167
331,1374,1173
332,1380,1179
333,1374,1182
334,1377,1182
335,1378,1181
336,1372,1185
337,1368,1185
338,1364,1180
339,1366,1178
340,1371,1184
341,1379,1183
342,1373,1186
343,1379,1181
344,1373,1185
345,1379,1182
346,1375,1181
347,1373,1182
348,1375,1177
349,1369,1180
350,1371,1179
351,1378,1175
352,1378,1181
353,1373,1185
354,1380,1190
355,1383,1194
356,1388,1192
357,1391,1198
358,1390,1197
359,1395,1202
360,1389,1200
361,1394,1200
362,1398,1201
363,1395,1196
364,1398,1198
365,1401,1204
366,1395,1207
367,1396,1206
368,1397,1204
369,1394,1201
370,1402,1199
371,1404,1197
372,1402,1196
373,1406,1192
374,1400,1193
375,1400,1192
376,1403,1189
377,1407,1190
378,1410,1185
379,1418,1187
380,1425,1185
381,1420,1184
382,1416,1188
383,1423,1192
384,1422,1192
385,1420,1195
386,1421,1194
387,1422,1195
388,1425,1200
389,1426,1204
390,1422,1205
391,1426,1208
392,1430,1205
393,1424,1210
394,1426,1215
395,1425,1217
396,1427,1222
397,1429,1225
398,1436,1223
399,1438,1222
400,1434,1225
401,1433,1224
402,1434,1228
403,1438,1225
404,1438,1228
405,1435,1228
406,1431,1231
407,1433,1233
408,1439,1230
409,1443,1231
410,1446,1234
411,1442,1240
412,1439,1246
413,1442,1247
414,1448,1242
415,1449,1247
416,1452,1244
417,1446,1240
418,1453,1239
419,1461,1242
420,1461,1239
421,1459,1241
422,1457,1247
423,1461,1249
424,1467,1246
425,1471,1251
426,1465,1249
427,1472,1255
428,1478,1256
429,1480,1252
430,1475,1254
431,1479,1255
432,1475,1252
433,1473,1254
434,1481,1253
435,1477,1248
